{"cameraMode":{"drawMode":0,"name":"Shaded","section":"Shading Mode"},"sceneLighting":false,"audioPlay":false,"sceneViewState":{"m_AlwaysRefresh":false,"showFog":true,"showSkybox":false,"showFlares":true,"showImageEffects":true,"showParticleSystems":true,"showVisualEffectGraphs":true,"m_FxEnabled":true},"in2DMode":false,"pivot":{"x":-4.394663333892822,"y":0.862146258354187,"z":5.690000057220459},"rotation":{"x":0.21194633841514588,"y":0.008771874010562897,"z":-0.0023497198708355428,"w":0.9776241183280945},"size":1.0082563161849976,"orthographic":false}