{"cameraMode":{"drawMode":0,"name":"Shaded","section":"Shading Mode"},"sceneLighting":false,"audioPlay":false,"sceneViewState":{"m_AlwaysRefresh":false,"showFog":true,"showSkybox":false,"showFlares":true,"showImageEffects":true,"showParticleSystems":true,"showVisualEffectGraphs":true,"m_FxEnabled":true},"in2DMode":false,"pivot":{"x":-1.0113812685012818,"y":0.3411291837692261,"z":-0.020943403244018556},"rotation":{"x":-0.27829065918922427,"y":0.23728260397911073,"z":-0.08266659080982208,"w":-0.9283353090286255},"size":1.4686765670776368,"orthographic":false}