{"cameraMode":{"drawMode":0,"name":"Shaded","section":"Shading Mode"},"sceneLighting":false,"audioPlay":false,"sceneViewState":{"m_AlwaysRefresh":false,"showFog":true,"showSkybox":false,"showFlares":true,"showImageEffects":true,"showParticleSystems":true,"showVisualEffectGraphs":true,"m_FxEnabled":true},"in2DMode":false,"pivot":{"x":-5.546363830566406,"y":2.232969045639038,"z":23.266767501831056},"rotation":{"x":0.3572447597980499,"y":0.010362155735492707,"z":0.008863819763064385,"w":0.9359466433525086},"size":2.181645631790161,"orthographic":false}