{"cameraMode":{"drawMode":0,"name":"Shaded","section":"Shading Mode"},"sceneLighting":false,"audioPlay":false,"sceneViewState":{"m_AlwaysRefresh":false,"showFog":true,"showSkybox":false,"showFlares":true,"showImageEffects":true,"showParticleSystems":true,"showVisualEffectGraphs":true,"m_FxEnabled":true},"in2DMode":false,"pivot":{"x":9.517149925231934,"y":1.6590304374694825,"z":28.299999237060548},"rotation":{"x":0.1970774084329605,"y":-0.03479527309536934,"z":0.007001610938459635,"w":0.9797627925872803},"size":2.408785581588745,"orthographic":false}