{"cameraMode":{"drawMode":0,"name":"Shaded","section":"Shading Mode"},"sceneLighting":false,"audioPlay":false,"sceneViewState":{"m_AlwaysRefresh":false,"showFog":true,"showSkybox":false,"showFlares":true,"showImageEffects":true,"showParticleSystems":true,"showVisualEffectGraphs":true,"m_FxEnabled":true},"in2DMode":false,"pivot":{"x":-1.5283358097076417,"y":3.417698383331299,"z":-2.4954192638397219},"rotation":{"x":-0.0007534020696766675,"y":0.9882006049156189,"z":-0.08019724488258362,"w":-0.13939833641052247},"size":7.129469871520996,"orthographic":false}