{"cameraMode":{"drawMode":0,"name":"Shaded","section":"Shading Mode"},"sceneLighting":false,"audioPlay":false,"sceneViewState":{"m_AlwaysRefresh":false,"showFog":true,"showSkybox":false,"showFlares":true,"showImageEffects":true,"showParticleSystems":true,"showVisualEffectGraphs":true,"m_FxEnabled":true},"in2DMode":false,"pivot":{"x":0.8130642771720886,"y":0.7374011278152466,"z":0.3871368169784546},"rotation":{"x":0.000002250065108455601,"y":-0.9233772158622742,"z":-0.0010868897661566735,"w":0.38482236862182619},"size":1.2922477722167969,"orthographic":false}