{"cameraMode":{"drawMode":0,"name":"Shaded","section":"Shading Mode"},"sceneLighting":false,"audioPlay":false,"sceneViewState":{"m_AlwaysRefresh":false,"showFog":true,"showSkybox":false,"showFlares":true,"showImageEffects":true,"showParticleSystems":true,"showVisualEffectGraphs":true,"m_FxEnabled":true},"in2DMode":false,"pivot":{"x":0.610880434513092,"y":1.5419588088989258,"z":8.009982109069825},"rotation":{"x":0.1970774084329605,"y":-0.03479527309536934,"z":0.007001610938459635,"w":0.9797627925872803},"size":0.5419341921806336,"orthographic":false}