{"cameraMode":{"drawMode":0,"name":"Shaded","section":"Shading Mode"},"sceneLighting":false,"audioPlay":false,"sceneViewState":{"m_AlwaysRefresh":false,"showFog":true,"showSkybox":false,"showFlares":true,"showImageEffects":true,"showParticleSystems":true,"showVisualEffectGraphs":true,"m_FxEnabled":true},"in2DMode":false,"pivot":{"x":3.1649506092071535,"y":0.8621461987495422,"z":5.679999828338623},"rotation":{"x":0.21194633841514588,"y":0.008771874010562897,"z":-0.0023497198708355428,"w":0.9776241183280945},"size":1.0082957744598389,"orthographic":false}