{"cameraMode":{"drawMode":0,"name":"Shaded","section":"Shading Mode"},"sceneLighting":true,"audioPlay":false,"sceneViewState":{"showFog":true,"showMaterialUpdate":false,"showSkybox":true,"showFlares":true,"showImageEffects":true,"showParticleSystems":true},"in2DMode":false,"pivot":{"x":-32.95933151245117,"y":-37.10816955566406,"z":101.03105926513672},"rotation":{"x":-0.1753533035516739,"y":0.19875763356685639,"z":-0.03614481911063194,"w":-0.9636133313179016},"size":87.25296783447266,"orthographic":false}